dateid01,exreturn,ln_divyield,month,time
1931-01-01,5.9649583974352325,-282.23286576740488,1,1931
1931-02-01,10.305305356802409,-293.20890249296863,2,1931
1931-03-01,-6.8408313614513063,-287.86141362597406,3,1931
1931-04-01,-10.448065303930641,-278.24770544899769,4,1931
1931-05-01,-14.358076972143641,-265.47415169662269,5,1931
1931-06-01,12.850261011062188,-280.51024770474606,6,1931
1931-07-01,-6.6559178955825038,-275.59504747925672,7,1931
1931-08-01,0.046148490199611131,-278.44241832614728,8,1931
1931-09-01,-34.258389402088225,-247.18290594403259,9,1931
1931-10-01,7.6799039179083788,-255.03209939805969,10,1931
1931-11-01,-9.5340623458043425,-247.25579936464256,11,1931
1931-12-01,-14.613052568964369,-236.34332198041672,12,1931
1932-01-01,-1.3088847024388148,-237.54378268590391,1,1932
1932-02-01,5.39185232600358,-245.92473502971759,2,1932
1932-03-01,-11.691034297883666,-237.75852654340988,3,1932
1932-04-01,-19.965004130801416,-220.89403185146731,4,1932
1932-05-01,-23.228074609484547,-201.76174834109384,5,1932
1932-06-01,-0.97143409848652938,-204.72234339484209,6,1932
1932-07-01,28.597031079774631,-237.16778947611081,7,1932
1932-08-01,31.113695695871538,-272.73582413150144,8,1932
1932-09-01,-3.2352083602479281,-272.80996737667813,9,1932
1932-10-01,-14.011752230423345,-265.57285444610147,10,1932
1932-11-01,-5.7386067693911838,-264.54135470742716,11,1932
1932-12-01,4.3764421482956788,-270.73983069579031,12,1932
1933-01-01,0.95355629018093088,-274.16256608207716,1,1933
1933-02-01,-14.229937550481369,-263.95477695503934,2,1933
1933-03-01,1.5445858562725522,-267.78781033155019,3,1933
1933-04-01,32.307309901694725,-302.15292727792769,4,1933
1933-05-01,19.192487660105119,-324.3895368839205,5,1933
1933-06-01,12.526431983885267,-338.1843862526615,6,1933
1933-07-01,-10.122393041557895,-328.60865733279138,7,1933
1933-08-01,11.461837919234288,-343.402140930537,8,1933
1933-09-01,-11.183959557168898,-332.72423628463456,9,1933
1933-10-01,-8.62304777753773,-323.14393009598131,10,1933
1933-11-01,9.477308732907115,-330.02199745488088,11,1933
1933-12-01,1.9717464316357919,-334.63794601890744,12,1933
1934-01-01,12.173147188961853,-345.06481294263438,1,1934
1934-02-01,-2.3945521330417216,-342.02829585979806,2,1934
1934-03-01,0.47086457602901263,-340.64248583630675,3,1934
1934-04-01,-1.8264309562951494,-337.38063691897281,4,1934
1934-05-01,-7.3412476213141038,-329.05696018382944,5,1934
1934-06-01,2.4830087299199616,-330.35150294843513,6,1934
1934-07-01,-11.462938776338903,-316.33820515212769,7,1934
1934-08-01,5.7778848212207325,-316.36595773623694,8,1934
1934-09-01,-0.29883857123198738,-315.42408866106738,9,1934
1934-10-01,-2.0572232497792947,-312.88463202566188,10,1934
1934-11-01,8.066288229657365,-320.85299553833369,11,1934
1934-12-01,0.39513567923752831,-318.167163794148,12,1934
1935-01-01,-3.2708263287520419,-314.51200887455294,1,1935
1935-02-01,-2.011903133377265,-311.56106034574069,2,1935
1935-03-01,-3.8230702426797238,-306.78418615170206,3,1935
1935-04-01,8.5629839223312413,-315.47078905009069,4,1935
1935-05-01,3.4104470645300575,-317.31469687624369,5,1935
1935-06-01,5.3335646233886144,-321.48580816967475,6,1935
1935-07-01,7.1327793858685625,-328.64745826432944,7,1935
1935-08-01,2.7351651328730906,-332.15680094098844,8,1935
1935-09-01,2.3645829830143231,-332.05468687105544,9,1935
1935-10-01,6.8017230933379763,-337.6329459412685,10,1935
1935-11-01,5.0263630428547231,-337.4943845582685,11,1935
1935-12-01,4.5014636576309,-340.39630881461488,12,1935
1936-01-01,6.3777364057908475,-344.98234389683369,1,1936
1936-02-01,2.5627316125421803,-346.08141010387975,2,1936
1936-03-01,0.84572634976086775,-345.98883862535231,3,1936
1936-04-01,-8.1959629809321225,-336.44038426392506,4,1936
1936-05-01,4.9146947824061675,-335.79365758353381,5,1936
1936-06-01,2.5363791605715353,-336.15025901478169,6,1936
1936-07-01,6.1857648050917225,-340.63295013741625,7,1936
1936-08-01,1.1110943650010141,-336.54013593752538,8,1936
1936-09-01,1.4515583735003206,-335.37982534489913,9,1936
1936-10-01,6.7455041685589338,-340.882667293597,10,1936
1936-11-01,3.3560964613071281,-329.00380822027294,11,1936
1936-12-01,0.11599504997696409,-321.27824031755638,12,1936
1937-01-01,3.204327694224735,-324.48638139615688,1,1937
1937-02-01,1.3032316147899103,-324.63223124016425,2,1937
1937-03-01,-0.43610269035468913,-321.84656070739269,3,1937
1937-04-01,-7.7904360084735288,-313.82310230960488,4,1937
1937-05-01,-0.87345568254928113,-309.99334826588063,5,1937
1937-06-01,-4.187301818917395,-302.91380217798406,6,1937
1937-07-01,8.0525442297051275,-310.79727781524444,7,1937
1937-08-01,-4.6745133253275863,-304.76423192714113,8,1937
1937-09-01,-14.540253136010678,-288.06747569512113,9,1937
1937-10-01,-9.97981569115398,-278.32106143456081,10,1937
1937-11-01,-8.7234899981603938,-268.39374853450728,11,1937
1937-12-01,-4.1654064415236113,-263.97713949653616,12,1937
1938-01-01,0.82814184612624075,-265.53435414204994,1,1938
1938-02-01,5.5645605459847269,-271.72406287520222,2,1938
1938-03-01,-27.019910169936234,-245.45057620513744,3,1938
1938-04-01,13.575009378258022,-259.50586183816625,4,1938
1938-05-01,-3.9863740019960744,-259.91497515808475,5,1938
1938-06-01,21.200683159390788,-284.00317868433169,6,1938
1938-07-01,6.9428205561812113,-292.00013215681275,7,1938
1938-08-01,-2.7743665902937331,-293.84176722581375,8,1938
1938-09-01,0.86662650959513925,-298.65441156019181,9,1938
1938-10-01,7.4497134510894975,-306.67146167354338,10,1938
1938-11-01,-1.8434092829053194,-319.44676471021206,11,1938
1938-12-01,3.9773089081629238,-329.23444079924806,12,1938
1939-01-01,-6.146889995446815,-323.2705146331875,1,1939
1939-02-01,3.4121663970239263,-325.01251632654719,2,1939
1939-03-01,-12.680421460362366,-312.38770607069744,3,1939
1939-04-01,-0.26049858920914394,-311.85626301938038,4,1939
1939-05-01,6.6326152237582625,-316.57287024557375,5,1939
1939-06-01,-5.4831008692306213,-310.07189309578613,6,1939
1939-07-01,9.6403296282910188,-319.4949441836655,7,1939
1939-08-01,-6.830677849614995,-309.54829491785125,8,1939
1939-09-01,14.832635483175247,-323.21421088336844,9,1939
1939-10-01,-0.41455418840296113,-322.97438255626469,10,1939
1939-11-01,-3.7295367492546275,-309.51382231463319,11,1939
1939-12-01,2.9603149841417819,-309.088346472739,12,1939
1940-01-01,-2.48893099847188,-306.17447722362013,1,1940
1940-02-01,1.4169725260205841,-305.16493853952525,2,1940
1940-03-01,1.8695681524375,-306.67186431190163,3,1940
1940-04-01,0.14500265117525784,-305.65169344282856,4,1940
1940-05-01,-24.869419125166666,-276.27128030995584,5,1940
1940-06-01,6.441719687707375,-281.78009426623819,6,1940
1940-07-01,3.1956741369294125,-284.44116573065706,7,1940
1940-08-01,2.3364806601183897,-283.53889884461313,8,1940
1940-09-01,2.2710512457736688,-284.948433498657,9,1940
1940-10-01,2.9636984888481669,-286.9010505861745,10,1940
1940-11-01,-1.6569814916476434,-283.81118083870213,11,1940
1940-12-01,0.70371044999466738,-283.42163320040944,12,1940
1941-01-01,-4.1323561133180188,-279.35773222263084,1,1941
1941-02-01,-1.4959907132060234,-276.63666525341056,2,1941
1941-03-01,0.935406662139329,-275.52411844632922,3,1941
1941-04-01,-5.4382362033014456,-270.59136536162481,4,1941
1941-05-01,1.4137244357491222,-270.48187769692906,5,1941
1941-06-01,5.6690181675301088,-273.68349654613566,6,1941
1941-07-01,5.6727285131935488,-278.80139894705588,7,1941
1941-08-01,0.048473391248720744,-277.41691806777641,8,1941
1941-09-01,-0.75347928721155213,-275.78090667713491,9,1941
1941-10-01,-5.2967248818290094,-269.89691136058325,10,1941
1941-11-01,-1.9851582095719813,-264.34713295249259,11,1941
1941-12-01,-4.8084769599064325,-257.11869084188447,12,1941
1942-01-01,0.55853081200037844,-257.67316043669013,1,1942
1942-02-01,-2.3212848606725794,-255.38711950734097,2,1942
1942-03-01,-6.7906061860642188,-247.82280464870441,3,1942
1942-04-01,-4.4204280482462331,-243.07693605700191,4,1942
1942-05-01,5.9478990172113525,-250.54454532283091,5,1942
1942-06-01,2.4463662897533788,-252.92585654173016,6,1942
1942-07-01,3.3966978047344581,-256.39608422210772,7,1942
1942-08-01,1.8225024339793575,-260.15089845702506,8,1942
1942-09-01,2.5676822129912266,-262.39129271595119,9,1942
1942-10-01,6.5402560629297838,-269.81502225457972,10,1942
1942-11-01,0.11269994071158884,-273.12399179312422,11,1942
1942-12-01,4.8182981668031131,-278.92890339237466,12,1942
1943-01-01,7.2373532956534763,-286.29522001396606,1,1943
1943-02-01,5.8063082579333438,-292.16210253457644,2,1943
1943-03-01,5.9576437104259637,-298.12854026516988,3,1943
1943-04-01,0.65520627964144488,-298.77290275091088,4,1943
1943-05-01,5.5189913896503494,-303.23760740935563,5,1943
1943-06-01,1.6597566025539659,-304.06529070703456,6,1943
1943-07-01,-4.7654834968014456,-299.43862603915106,7,1943
1943-08-01,1.2546190431265869,-300.30240714576138,8,1943
1943-09-01,2.3633778916842819,-300.86808724678606,9,1943
1943-10-01,-1.2590892776972833,-300.08865752397531,10,1943
1943-11-01,-6.0419846906582413,-292.08161916251088,11,1943
1943-12-01,6.109165339438905,-297.81908908538438,12,1943
1944-01-01,1.7434390857974934,-299.167208141724,1,1944
1944-02-01,0.39787401590015044,-297.85779630133106,2,1944
1944-03-01,2.3725809521138506,-299.42054007732019,3,1944
1944-04-01,-1.7632369225107513,-297.94937390019544,4,1944
1944-05-01,5.0313643249779006,-301.00658123764806,5,1944
1944-06-01,5.4898041930572613,-305.47642539980988,6,1944
1944-07-01,-1.5513311247817069,-303.87297410210275,7,1944
1944-08-01,1.4913019984672903,-302.83577840867706,8,1944
1944-09-01,0.011630567018641247,-303.81769398233525,9,1944
1944-10-01,0.23985621034219656,-303.08847677396031,10,1944
1944-11-01,1.5035069079360906,-301.60092531665469,11,1944
1944-12-01,4.1112842406263212,-305.85579003554875,12,1944
1945-01-01,1.7726619419046475,-307.41226720781906,1,1945
1945-02-01,6.311729229928965,-312.89484788570419,2,1945
1945-03-01,-4.0154050017098663,-308.1800386770865,3,1945
1945-04-01,7.4655321460291025,-315.38656538328069,4,1945
1945-05-01,1.7799658146976909,-314.29795797107519,5,1945
1945-06-01,0.386812998078267,-316.02532308071875,6,1945
1945-07-01,-2.279395592244775,-313.60121641395081,7,1945
1945-08-01,5.8658314291570675,-318.64871494460094,8,1945
1945-09-01,4.6645559088797681,-322.62493343663081,9,1945
1945-10-01,3.8148623614915575,-326.44074758397569,10,1945
1945-11-01,5.3119167855672413,-330.72556475635419,11,1945
1945-12-01,1.1141824587894655,-332.65062955739956,12,1945
1946-01-01,6.1065669108884263,-338.05066260274356,1,1946
1946-02-01,-5.9927152382659613,-330.95801672432106,2,1946
1946-03-01,5.760554894533065,-336.30518650939494,3,1946
1946-04-01,4.0360864272441763,-339.70828837136344,4,1946
1946-05-01,3.9615779732500081,-344.00751098727875,5,1946
1946-06-01,-4.0541141615843006,-339.12789610799325,6,1946
1946-07-01,-2.6240252001532691,-334.69418855983381,7,1946
1946-08-01,-6.6304650767849575,-326.74933286095519,8,1946
1946-09-01,-10.598975024079872,-314.64438154866306,9,1946
1946-10-01,-1.4643088543464003,-311.84649026201469,10,1946
1946-11-01,0.11543158860785467,-312.16261100570475,11,1946
1946-12-01,4.9278189467187188,-310.59728348427419,12,1946
1947-01-01,1.4761731027785469,-311.35502580925319,1,1947
1947-02-01,-1.2095457887528816,-307.10397101279094,2,1947
1947-03-01,-1.7306882224721,-304.36089203440281,3,1947
1947-04-01,-4.9256783764797338,-298.2704222706725,4,1947
1947-05-01,-1.0465224125432822,-294.17056325336256,5,1947
1947-06-01,5.1951342713724856,-297.65243205842156,6,1947
1947-07-01,4.0287784869177938,-301.37323099714225,7,1947
1947-08-01,-1.7978765987899997,-297.63430252413806,8,1947
1947-09-01,-0.47792509321483088,-295.01653678859081,9,1947
1947-10-01,2.3749414119271034,-296.76227623899725,10,1947
1947-11-01,-1.8886897613947703,-288.86011018625125,11,1947
1947-12-01,2.8634015309357944,-289.95079911806225,12,1947
1948-01-01,-3.8447697433314638,-285.66727750531994,1,1948
1948-02-01,-4.5258140284428331,-279.71497755489941,2,1948
1948-03-01,7.8509270124829663,-285.09235318620569,3,1948
1948-04-01,3.6202114626632425,-288.00145549131163,4,1948
1948-05-01,7.1049653371758788,-295.10707905173612,5,1948
1948-06-01,-0.092572546520241888,-292.49181267225888,6,1948
1948-07-01,-5.25368928096481,-287.82413740478044,7,1948
1948-08-01,0.292859634883123,-285.29211321511363,8,1948
1948-09-01,-3.0705975422463531,-280.65007516667941,9,1948
1948-10-01,5.76449020267856,-284.71390789181269,10,1948
1948-11-01,-9.590034795515665,-272.01747786999034,11,1948
1948-12-01,3.067768383780575,-273.19144479315759,12,1948
1949-01-01,0.2000378634307735,-273.14047585166525,1,1949
1949-02-01,-3.0019620632419988,-267.66392406213872,2,1949
1949-03-01,3.9074177861250681,-270.32676760325569,3,1949
1949-04-01,-1.9140121759383441,-267.68733770894584,4,1949
1949-05-01,-2.87816427527058,-263.36388320443922,5,1949
1949-06-01,0.25103031439316331,-262.41656098417997,6,1949
1949-07-01,5.3117825258520844,-267.67453797902891,7,1949
1949-08-01,2.5228796084278638,-268.29209005016656,8,1949
1949-09-01,3.0705929052705825,-272.13315450127238,9,1949
1949-10-01,3.0176700743857731,-276.67837695101678,10,1949
1949-11-01,1.8167637545391384,-272.35398643938009,11,1949
1949-12-01,5.0374261362747569,-277.30514818653022,12,1949
1950-01-01,1.5196635060994072,-278.50555333492388,1,1950
1950-02-01,1.3508391423789431,-278.33605705660256,2,1950
1950-03-01,1.1157266095181688,-278.67712743931872,3,1950
1950-04-01,3.8504859435378394,-282.85435297119319,4,1950
1950-05-01,4.0974760484428481,-283.58087721841981,5,1950
1950-06-01,-5.91677425753884,-277.67315848524697,6,1950
1950-07-01,1.4840914447610459,-278.87214173232066,7,1950
1950-08-01,4.8139224258413469,-276.61855603463966,8,1950
1950-09-01,4.662258494190645,-279.10790606024922,9,1950
1950-10-01,-0.26296895981565416,-278.31742169902697,10,1950
1950-11-01,2.7520244776827441,-271.63854021852456,11,1950
1950-12-01,5.4522928485582869,-275.64210382643269,12,1950
1951-01-01,5.50585790514934,-280.43496134050031,1,1951
1951-02-01,1.3981423267941095,-279.46917027427863,2,1951
1951-03-01,-2.2322648172412153,-276.28529591128069,3,1951
1951-04-01,4.7261444891132231,-281.02172632170375,4,1951
1951-05-01,-2.39893151381881,-275.45001984932441,5,1951
1951-06-01,-2.6691223913575131,-272.19369655526759,6,1951
1951-07-01,6.7090653155271563,-278.80006569295325,7,1951
1951-08-01,4.2824977761172925,-282.67020403511819,8,1951
1951-09-01,0.77649884937969225,-283.70562494293881,9,1951
1951-10-01,-2.4112268016990641,-280.43081998465813,10,1951
1951-11-01,0.489663419589457,-286.61466173161538,11,1951
1951-12-01,3.3055380997505044,-291.14625592749106,12,1951
1952-01-01,1.5389399229973053,-292.94061722382081,1,1952
1952-02-01,-2.6285957560766578,-287.60814075529819,2,1952
1952-03-01,4.3337649234974538,-291.99502759527344,3,1952
1952-04-01,-5.117702300054095,-286.29581569800231,4,1952
1952-05-01,3.0730662840045125,-288.53827377348513,5,1952
1952-06-01,3.7144602965083463,-292.01841100583519,6,1952
1952-07-01,1.0317889705715659,-292.46471447892506,7,1952
1952-08-01,-0.845921012227829,-292.00673161088588,8,1952
1952-09-01,-2.0985865705493128,-289.11151567868181,9,1952
1952-10-01,-0.6539838037518935,-288.89602687264688,10,1952
1952-11-01,5.6235557990900963,-294.41018435630956,11,1952
1952-12-01,2.9020067317335638,-297.01079935762144,12,1952
1953-01-01,-0.32723227139970075,-297.49444795401606,1,1953
1953-02-01,-0.30331463125264388,-295.68440317258338,2,1953
1953-03-01,-1.530300307711035,-294.09132737000356,3,1953
1953-04-01,-2.9398506454527481,-291.63106473165713,4,1953
1953-05-01,0.49867011667134444,-291.4048039584785,5,1953
1953-06-01,-1.8217395347933756,-288.92865192111988,6,1953
1953-07-01,2.3499840549476425,-291.28747385621575,7,1953
1953-08-01,-4.6652701492535906,-285.93592892514313,8,1953
1953-09-01,0.15473195708157216,-285.57778147792613,9,1953
1953-10-01,4.4703111034941988,-290.24158864317831,10,1953
1953-11-01,2.7092757653845597,-291.06869510917281,11,1953
1953-12-01,-0.034940934649827781,-289.60719326417063,12,1953
1954-01-01,4.8263885442390125,-294.27526275477963,1,1954
1954-02-01,1.8307097003876241,-295.55398283099919,2,1954
1954-03-01,3.6298292900558938,-298.38876583237831,3,1954
1954-04-01,4.0855807122504244,-302.38827039214313,4,1954
1954-05-01,3.0364484005268044,-304.46733639253656,5,1954
1954-06-01,1.0744861481917989,-304.58490308254925,6,1954
1954-07-01,4.8695045963713881,-309.50863844042144,7,1954
1954-08-01,-2.3391054661365356,-304.94111840584625,8,1954
1954-09-01,6.1463908930103738,-311.16550732604275,9,1954
1954-10-01,-1.7056477566329091,-308.87798366509188,10,1954
1954-11-01,9.0969832100848825,-314.012152346192,11,1954
1954-12-01,5.3104151734203263,-319.65035783066006,12,1954
1955-01-01,0.62226981756616325,-320.37764760587388,1,1955
1955-02-01,3.0023628166575656,-322.03006928709219,2,1955
1955-03-01,-0.21056818244108416,-320.60141921028563,3,1955
1955-04-01,3.0712138307760131,-323.66934155210188,4,1955
1955-05-01,1.0442668707144748,-322.55852327854231,5,1955
1955-06-01,6.2926158813777925,-328.66406666619338,6,1955
1955-07-01,1.8843900641642425,-330.59109453286644,7,1955
1955-08-01,0.27535972696586297,-328.21238970885988,8,1955
1955-09-01,-0.38644145408684025,-327.19405400598356,9,1955
1955-10-01,-2.783165189724545,-324.38079130807588,10,1955
1955-11-01,6.7378970249657275,-325.91423852930713,11,1955
1955-12-01,1.4592434097767919,-326.64889911941025,12,1955
1956-01-01,-3.0719822314564563,-321.89967876975388,1,1956
1956-02-01,3.6958931238422469,-324.45897251901638,2,1956
1956-03-01,6.4381403217253238,-330.71552948584456,3,1956
1956-04-01,0.3362472137521015,-330.755795762225,4,1956
1956-05-01,-5.2588051784371356,-322.54696598611694,5,1956
1956-06-01,3.429826374216075,-325.51262710799206,6,1956
1956-07-01,4.8010186961159825,-329.04174172394713,7,1956
1956-08-01,-3.1297390149140938,-325.26060012148319,8,1956
1956-09-01,-5.3777208935615019,-319.43651654492706,9,1956
1956-10-01,0.51247225971427481,-318.35710515448163,10,1956
1956-11-01,0.591519030430018,-322.0438184833015,11,1956
1956-12-01,2.7784508110345403,-324.05251335506125,12,1956
1957-01-01,-3.5220447103363944,-320.35886560616363,1,1957
1957-02-01,-2.1169569941692022,-316.70290639742431,2,1957
1957-03-01,2.1375438428127472,-318.064546243308,3,1957
1957-04-01,4.1431869843496194,-321.41627384554144,4,1957
1957-05-01,3.329137959898465,-324.92436487460088,5,1957
1957-06-01,-0.80680787510172613,-323.53862593207106,6,1957
1957-07-01,0.6644795945128375,-323.56948731717038,7,1957
1957-08-01,-5.3928426246041281,-318.07484371040863,8,1957
1957-09-01,-6.1855540032206588,-311.17399177770313,9,1957
1957-10-01,-4.4609940432031181,-306.89175326059244,10,1957
1957-11-01,2.2349579560545438,-309.94936511087988,11,1957
1957-12-01,-4.054293535301815,-305.33766047154125,12,1957
1958-01-01,4.6294435255720419,-310.65660144021925,1,1958
1958-02-01,-1.5326778923609813,-308.18330414248488,2,1958
1958-03-01,3.2239593973824894,-311.06013874928644,3,1958
1958-04-01,2.9476625172556681,-313.77931426736906,4,1958
1958-05-01,2.3132851504762925,-316.85873225480094,5,1958
1958-06-01,2.8765956413935525,-318.90752146138256,6,1958
1958-07-01,4.348925420120955,-323.37581714907719,7,1958
1958-08-01,1.8481424831693059,-326.16693086369138,8,1958
1958-09-01,4.5798163901868794,-329.98935151129488,9,1958
1958-10-01,2.5580691742890134,-332.77051519973319,10,1958
1958-11-01,2.8724546938527794,-336.48504125002538,11,1958
1958-12-01,4.9698475780300469,-341.97414205485637,12,1958
1959-01-01,0.69807412405054737,-342.6276088652325,1,1959
1959-02-01,0.9119449825849675,-343.73382726564725,2,1959
1959-03-01,0.25457110281070894,-343.76123176012813,3,1959
1959-04-01,3.575349481767915,-347.85345900676638,4,1959
1959-05-01,1.6579551345738044,-348.57187414561738,5,1959
1959-06-01,-0.15677509089899981,-347.96120521132019,6,1959
1959-07-01,3.1271702707804375,-351.7417110999905,7,1959
1959-08-01,-1.459517895951535,-348.67204335457081,8,1959
1959-09-01,-4.8830088090474419,-343.54312952858988,9,1959
1959-10-01,1.2373030942768108,-345.36177780010769,10,1959
1959-11-01,1.5549120608369331,-344.4283718419335,11,1959
1959-12-01,2.5219460214214844,-346.12223705082812,12,1959
1960-01-01,-7.2232292455999913,-339.10622972349663,1,1960
1960-02-01,0.98122512686452013,-338.9433392755505,2,1960
1960-03-01,-1.4446934650059859,-337.15277867060619,3,1960
1960-04-01,-1.7150831349518159,-335.43738855435944,4,1960
1960-05-01,3.0275145483961163,-337.31586592068163,5,1960
1960-06-01,2.1142849922353831,-339.23995487246994,6,1960
1960-07-01,-2.2519872835312919,-337.40697673887681,7,1960
1960-08-01,2.8119017199391956,-337.795066968078,8,1960
1960-09-01,-6.1713873807192713,-332.51352708954456,9,1960
1960-10-01,-0.69270144270480725,-331.8603116474925,10,1960
1960-11-01,4.6022673520636588,-335.26026909014313,11,1960
1960-12-01,4.5720274247033481,-341.45605201932919,12,1960
1961-01-01,6.0268674771538363,-346.96183404926287,1,1961
1961-02-01,3.4493671310502669,-350.35978875964325,2,1961
1961-03-01,2.815460124739505,-353.39494553078069,3,1961
1961-04-01,0.38742468488627444,-354.321250454067,4,1961
1961-05-01,2.37086928274709,-355.44575303939362,5,1961
1961-06-01,-3.0811191630049825,-352.91605207527044,6,1961
1961-07-01,2.76240787537769,-355.99887474288494,7,1961
1961-08-01,2.5109744361563022,-355.62063709012819,8,1961
1961-09-01,-2.1856180518854806,-353.40434479583919,9,1961
1961-10-01,2.5192984465173888,-355.07819102364494,10,1961
1961-11-01,4.279337972213745,-355.66856216276944,11,1961
1961-12-01,-0.098459167566290363,-357.26407042784031,12,1961
1962-01-01,-3.9173280851895706,-352.04992350656875,1,1962
1962-02-01,1.72821173223811,-351.81461150531269,2,1962
1962-03-01,-0.66478882631018388,-353.38033086511406,3,1962
1962-04-01,-6.780309148778155,-346.54092688262056,4,1962
1962-05-01,-9.0541342207515075,-334.56990701847144,5,1962
1962-06-01,-8.81162263813524,-327.57271233973831,6,1962
1962-07-01,6.0687265490218025,-332.72327431466263,7,1962
1962-08-01,2.0969352442853625,-335.23288943065494,8,1962
1962-09-01,-5.3523763653670325,-331.348030221978,9,1962
1962-10-01,-0.033495579049008969,-330.66902616832456,10,1962
1962-11-01,10.240997134147416,-339.60086164178663,11,1962
1962-12-01,0.92712163563761875,-339.80029087974056,12,1962
1963-01-01,4.8038369441230169,-345.2396043012235,1,1963
1963-02-01,-2.4431854979633222,-341.978605648342,2,1963
1963-03-01,3.0127596188154588,-344.69835669084006,3,1963
1963-04-01,4.3689029318766031,-348.67431742430481,4,1963
1963-05-01,1.7425220798359931,-348.70591549168288,5,1963
1963-06-01,-2.0474155407987316,-346.86903216683,6,1963
1963-07-01,-0.44996994589343156,-345.81099290878863,7,1963
1963-08-01,4.8860577254302244,-350.65399937693294,8,1963
1963-09-01,-1.4718950495620181,-349.0627350540575,9,1963
1963-10-01,2.4416001166239188,-351.526750163824,10,1963
1963-11-01,-0.8222029692727655,-348.4535660050195,11,1963
1963-12-01,1.8446991526960069,-349.78839848449706,12,1963
1964-01-01,2.2601107589955838,-352.60715794001825,1,1964
1964-02-01,1.4429185724540275,-352.313214625271,2,1964
1964-03-01,1.4189176342265303,-353.0493898244845,3,1964
1964-04-01,0.16975395228700403,-353.15100795876444,4,1964
1964-05-01,1.4686304029164078,-353.95400501267412,5,1964
1964-06-01,1.1835358820515352,-353.94436732604375,6,1964
1964-07-01,1.7114379185839584,-356.22252975056525,7,1964
1964-08-01,-1.4099664721058741,-353.31443596323975,8,1964
1964-09-01,2.7345739539419922,-354.74963066205088,9,1964
1964-10-01,0.58409577710217363,-355.8541892748655,10,1964
1964-11-01,0.017288604794953166,-354.30981446452031,11,1964
1964-12-01,0.064756405287935913,-353.74490625259113,12,1964
1965-01-01,3.500707630512105,-357.29104818519869,1,1965
1965-02-01,0.37304380352388669,-356.39652278293881,2,1965
1965-03-01,-1.3242117380799428,-354.41101200313431,3,1965
1965-04-01,2.9987857539593488,-357.40583990099006,4,1965
1965-05-01,-0.77410506284298513,-354.89577935557606,5,1965
1965-06-01,-5.6637386423956575,-348.62681368462363,6,1965
1965-07-01,1.3406723575219203,-350.42737751128275,7,1965
1965-08-01,2.7112567248906766,-351.11516714225231,8,1965
1965-09-01,2.8343709893091613,-354.02022149270394,9,1965
1965-10-01,2.5462723041030631,-356.79400378087725,10,1965
1965-11-01,-0.031328533016099744,-353.75612448672638,11,1965
1965-12-01,1.0332873498521263,-355.03031611977569,12,1965
1966-01-01,0.842690477599492,-356.12767896895631,1,1966
1966-02-01,-1.2135018679492348,-353.39563693653138,2,1966
1966-03-01,-2.4933581255076903,-350.36112116470631,3,1966
1966-04-01,2.0900967121135503,-352.33893329790294,4,1966
1966-05-01,-5.8002716910329163,-345.102242755827,5,1966
1966-06-01,-1.4036864136709295,-343.85800676684163,6,1966
1966-07-01,-1.6794360696973881,-342.14629294775088,7,1966
1966-08-01,-8.2489876984465963,-331.905112623876,8,1966
1966-09-01,-1.0864445995991463,-331.12323454677788,9,1966
1966-10-01,3.7045261253030419,-335.430336606176,10,1966
1966-11-01,1.3438962586285998,-336.35061511623744,11,1966
1966-12-01,0.25678529574100128,-336.68201450978463,12,1966
1967-01-01,7.81482913456231,-343.47633299268288,1,1967
1967-02-01,0.71488123643049275,-343.95081006172794,2,1967
1967-03-01,3.8783079387340438,-348.29700176121631,3,1967
1967-04-01,3.7428173320307675,-352.42949237474281,4,1967
1967-05-01,-4.3205172340171031,-347.246026792918,5,1967
1967-06-01,2.3876821434842853,-350.02200577588169,6,1967
1967-07-01,4.48693783397246,-354.6051333429825,7,1967
1967-08-01,-0.95372756873706188,-352.661359064878,8,1967
1967-09-01,3.0538364061346594,-355.79213060233,9,1967
1967-10-01,-3.1457518221195856,-351.6294313928025,10,1967
1967-11-01,0.44607342105528606,-352.94273664336438,11,1967
1967-12-01,2.9585464116814294,-356.06993316722056,12,1967
1968-01-01,-4.092874694314265,-351.04215523886806,1,1968
1968-02-01,-3.8045460639266444,-346.33101563363756,2,1968
1968-03-01,0.11330501618614853,-347.75183666422388,3,1968
1968-04-01,8.5722048195866775,-354.9385155319585,4,1968
1968-05-01,2.20209658516156,-357.34356633747444,5,1968
1968-06-01,0.70354141928940938,-357.89265667815856,6,1968
1968-07-01,-2.7049030559946269,-354.3771161505905,7,1968
1968-08-01,1.3410928515014708,-355.76587206634475,8,1968
1968-09-01,3.9299570899444156,-360.21598889009019,9,1968
1968-10-01,0.46193787191778131,-359.30247472184225,10,1968
1968-11-01,5.2410523283024313,-365.85673132164506,11,1968
1968-12-01,-3.8699795609623913,-361.370982958778,12,1968
1969-01-01,-1.1748886974068669,-361.85884515721888,1,1969
1969-02-01,-5.9741971478583413,-354.69923818879625,2,1969
1969-03-01,2.5258145943121094,-356.82099340941331,3,1969
1969-04-01,1.547673860386915,-358.92995882802956,4,1969
1969-05-01,-0.017637682942451238,-356.95910686489013,5,1969
1969-06-01,-7.4889856621201563,-349.28549282709225,6,1969
1969-07-01,-7.2897694229532,-342.34230762104869,7,1969
1969-08-01,4.433404807078775,-346.7247066775405,8,1969
1969-09-01,-2.868769678016625,-343.41827000216388,9,1969
1969-10-01,4.8446775201110706,-348.32596474719306,10,1969
1969-11-01,-3.8188719628734463,-345.17001635740931,11,1969
1969-12-01,-2.5707340412419941,-342.86233114023606,12,1969
1970-01-01,-8.1838521067174763,-334.83266407139325,1,1970
1970-02-01,4.9010561492455463,-340.44977962284981,2,1970
1970-03-01,-1.0267150827130084,-339.0803364576735,3,1970
1970-04-01,-11.655912101907592,-328.67627344693663,4,1970
1970-05-01,-7.2040569914897425,-323.35556537299706,5,1970
1970-06-01,-5.79561600070824,-317.64566673414825,6,1970
1970-07-01,6.667363745540955,-323.723282373772,7,1970
1970-08-01,4.3816902727118225,-329.51696955769075,8,1970
1970-09-01,4.1419272518693788,-333.906757968093,9,1970
1970-10-01,-2.3317442598725075,-331.48119970663356,10,1970
1970-11-01,4.473765207214105,-337.00542747289688,11,1970
1970-12-01,5.5172069643438544,-343.469789688192,12,1970
1971-01-01,4.6951631908656306,-348.58233476194575,1,1971
1971-02-01,1.3432900576962245,-350.17327730447813,2,1971
1971-03-01,4.0884717944056994,-354.1699039747835,3,1971
1971-04-01,2.9988282180470963,-357.1327078085485,4,1971
1971-05-01,-4.0210189162027944,-353.09045381197394,5,1971
1971-06-01,-0.038628592809419319,-353.26687788868838,6,1971
1971-07-01,-4.5380241126829669,-350.50888845148181,7,1971
1971-08-01,3.7192291518648425,-352.62212344026744,8,1971
1971-09-01,-0.86561935994245925,-352.25608763130838,9,1971
1971-10-01,-4.5382180636491925,-348.73693437378806,10,1971
1971-11-01,-0.47627634260689406,-348.119473224312,11,1971
1971-12-01,8.4184198798936163,-356.37291850075525,12,1971
1972-01-01,2.5144198908026506,-358.70615648934419,1,1972
1972-02-01,2.8212493218589419,-361.41319914532369,2,1972
1972-03-01,0.60976037303271025,-362.65186200917469,3,1972
1972-04-01,0.25314714037221066,-363.77310143956725,4,1972
1972-05-01,1.3304547175188527,-363.83055875793369,5,1972
1972-06-01,-2.3914325835252025,-361.74332929021944,6,1972
1972-07-01,-0.73415760282412,-360.83651071298494,7,1972
1972-08-01,3.2348974885207744,-364.7138541333495,8,1972
1972-09-01,-1.124167979742133,-363.44359341093675,9,1972
1972-10-01,0.47526863553049513,-364.840945386576,10,1972
1972-11-01,4.4835797853558338,-366.70340923403381,11,1972
1972-12-01,0.70044647715437313,-367.8404916236565,12,1972
1973-01-01,-3.0830228036050944,-364.384309316941,1,1973
1973-02-01,-4.7784835633774475,-359.4129793003255,2,1973
1973-03-01,-1.0683547667567513,-358.99160159530381,3,1973
1973-04-01,-5.4205921049350413,-352.43812793877294,4,1973
1973-05-01,-2.7214223203160272,-350.24362183907569,5,1973
1973-06-01,-1.319619702269943,-349.2144132295695,6,1973
1973-07-01,4.6589492463442238,-353.35904228116856,7,1973
1973-08-01,-3.6546549443081119,-348.55297896679588,8,1973
1973-09-01,4.4543065648241063,-354.36710499963125,9,1973
1973-10-01,-0.645771038572356,-352.7931263584815,10,1973
1973-11-01,-13.07345358012187,-338.07301543494881,11,1973
1973-12-01,0.59933193624546338,-338.30540382897456,12,1973
1974-01-01,-0.40299433380234369,-338.12158000881087,1,1974
1974-02-01,-0.24784186825554228,-336.71029573798294,2,1974
1974-03-01,-2.9421096532549231,-333.36619541453219,3,1974
1974-04-01,-5.3368744945020906,-327.72007087871925,4,1974
1974-05-01,-4.6362756337459138,-322.56298157798,5,1974
1974-06-01,-2.6743874682092259,-319.40105460566069,6,1974
1974-07-01,-7.9273145856227088,-311.87017981733338,7,1974
1974-08-01,-9.60038652855482,-300.48759855908588,8,1974
1974-09-01,-12.482737822400472,-287.41383435302975,9,1974
1974-10-01,14.752023948616497,-302.30939183174738,10,1974
1974-11-01,-4.8172192391761594,-297.6922188777315,11,1974
1974-12-01,-3.2402415406225656,-293.89477000369856,12,1974
1975-01-01,12.49072824861813,-307.46838654475794,1,1975
1975-02-01,5.3384275215914425,-311.06652414221794,2,1975
1975-03-01,2.4807559195710897,-312.74541679295606,3,1975
1975-04-01,4.1733748018819969,-317.01747254538969,4,1975
1975-05-01,4.8466307384478506,-321.84801238424506,5,1975
1975-06-01,4.6040012918105731,-326.14778468742238,6,1975
1975-07-01,-6.9156529725726213,-318.625527248059,7,1975
1975-08-01,-2.6288096069748716,-317.38618790347994,8,1975
1975-09-01,-4.2459452647602963,-312.46913265387181,9,1975
1975-10-01,5.0914196290046838,-317.3610571411955,10,1975
1975-11-01,2.7029245489232063,-321.33462562831444,11,1975
1975-12-01,-1.5983303488728694,-319.63506527022094,12,1975
1976-01-01,11.475571960546797,-331.03835109141669,1,1976
1976-02-01,0.050352062135631663,-330.96167367733856,2,1976
1976-03-01,2.4051454804015106,-332.89848504713744,3,1976
1976-04-01,-1.5462909723195778,-332.903422951306,4,1976
1976-05-01,-1.2584977436496288,-328.00523251425656,5,1976
1976-06-01,4.0710799483962769,-332.1226485649345,6,1976
1976-07-01,-1.221215742764148,-332.19512047101006,7,1976
1976-08-01,-0.48591938367529119,-327.82695149741869,8,1976
1976-09-01,2.0835040890894838,-330.04776768722781,9,1976
1976-10-01,-2.5882723205248591,-328.17396381263225,10,1976
1976-11-01,0.030658455404428825,-322.192873193406,11,1976
1976-12-01,5.4760474689836744,-327.996343010853,12,1976
1977-01-01,-4.1875525309826138,-323.15551132836731,1,1977
1977-02-01,-2.02458226956405,-318.21289264455844,2,1977
1977-03-01,-1.3838332117564414,-316.58891787913163,3,1977
1977-04-01,-0.023795946135078988,-316.61078261535675,4,1977
1977-05-01,-1.6011368253583228,-311.61619943547088,5,1977
1977-06-01,4.6987224014992781,-315.80576687905025,6,1977
1977-07-01,-1.8902510245886291,-314.39359629473413,7,1977
1977-08-01,-1.9624314390590628,-310.08730593013075,8,1977
1977-09-01,-0.35771335021208763,-308.98855641133556,9,1977
1977-10-01,-4.5638251651255519,-304.54567168453538,10,1977
1977-11-01,3.8124976527447063,-305.65218318200644,11,1977
1977-12-01,0.22127228106128878,-305.29696864115969,12,1977
1978-01-01,-6.3943597543648275,-298.75303706074212,1,1978
1978-02-01,-1.6243736078154684,-295.330239651255,2,1978
1978-03-01,2.7027827559398706,-297.59728315317719,3,1978
1978-04-01,7.3691680024800088,-304.98191052876725,4,1978
1978-05-01,1.5264782639299913,-304.84419602850375,5,1978
1978-06-01,-1.77856845867767,-302.32501909977388,6,1978
1978-07-01,5.0243490410360456,-306.60624954830369,7,1978
1978-08-01,3.301439945061895,-309.0243520515875,8,1978
1978-09-01,-1.2238082656423356,-307.58021132633869,9,1978
1978-10-01,-11.948854967365105,-294.30134782297663,10,1978
1978-11-01,2.6083237267830356,-296.99430198947575,11,1978
1978-12-01,0.89878902477519663,-297.47285290628894,12,1978
1979-01-01,3.8734675077182113,-300.71442697082106,1,1979
1979-02-01,-3.5019739857804475,-296.126300533892,2,1979
1979-03-01,5.35527170374504,-301.4378484029075,3,1979
1979-04-01,-0.082910525520925838,-300.58926365047031,4,1979
1979-05-01,-2.1853952121883359,-296.90076130968975,5,1979
1979-06-01,3.7203543821021288,-300.851874369509,6,1979
1979-07-01,0.55536438519642063,-300.90065304130825,7,1979
1979-08-01,5.4972221939637844,-304.5238216729355,8,1979
1979-09-01,-0.623532875463484,-304.48836364106294,9,1979
1979-10-01,-8.27940771779437,-295.9513484899405,10,1979
1979-11-01,5.1489503295576394,-299.91931116395719,11,1979
1979-12-01,1.539853152965185,-301.50565817093763,12,1979
1980-01-01,5.5091285446268794,-307.20571471967506,1,1980
1980-02-01,-0.770641469231988,-304.75837622658394,2,1980
1980-03-01,-13.513930500461958,-291.07063257880725,3,1980
1980-04-01,3.6606435737574256,-294.97269889008363,4,1980
1980-05-01,4.9155880484786306,-299.94990557334025,5,1980
1980-06-01,2.9420027720109563,-301.9470988672535,6,1980
1980-07-01,6.0777494513091625,-307.42826917195338,7,1980
1980-08-01,1.4108243274063975,-308.6638663667235,8,1980
1980-09-01,1.9133593402527175,-309.29095194452138,9,1980
1980-10-01,0.9785862161308795,-310.06437147819225,10,1980
1980-11-01,9.2529880149800225,-319.79957579613663,11,1980
1980-12-01,-4.9639647640409638,-315.0165635071705,12,1980
1981-01-01,-5.261800058286395,-310.79153408580206,1,1981
1981-02-01,0.60202022846575225,-310.63677820683863,2,1981
1981-03-01,3.0230723307106756,-313.52869794062131,3,1981
1981-04-01,-2.6835569617274909,-311.73561004798706,4,1981
1981-05-01,0.0574417979892711,-311.21735431779244,5,1981
1981-06-01,-2.2687866435108269,-308.93410701689163,6,1981
1981-07-01,-1.3054750209304309,-309.287936354588,7,1981
1981-08-01,-6.8818540441347125,-300.39558893479031,8,1981
1981-09-01,-7.6889877369950625,-293.40721763102744,9,1981
1981-10-01,4.4305286766466231,-298.17681378319275,10,1981
1981-11-01,3.5156691770610356,-301.12468679423231,11,1981
1981-12-01,-3.7556990021173631,-297.66458221961181,12,1981
1982-01-01,-3.2697725292971775,-295.31976965274188,1,1982
1982-02-01,-6.237130716319535,-287.71989924559938,2,1982
1982-03-01,-2.0271481569688169,-285.62694279855631,3,1982
1982-04-01,2.9834015999135313,-290.17134156331919,4,1982
1982-05-01,-3.76528638772577,-283.87699740053163,5,1982
1982-06-01,-3.3434276892725813,-281.79892934385731,6,1982
1982-07-01,-3.0790601071043913,-279.31465143064981,7,1982
1982-08-01,10.936692081671095,-289.01999105511969,8,1982
1982-09-01,0.72824014556916888,-289.98051395632531,9,1982
1982-10-01,10.467970015186009,-301.47403111321981,10,1982
1982-11-01,3.8955195415217231,-303.494270607497,11,1982
1982-12-01,0.96481949613097963,-305.39684168032731,12,1982
1983-01-01,3.0601004467542763,-307.54416923716744,1,1983
1983-02-01,2.1304466321024006,-309.97381753604875,2,1983
1983-03-01,2.6955030451488606,-312.81995222291569,3,1983
1983-04-01,6.3785703250578875,-319.65097146420225,4,1983
1983-05-01,-0.038689717443861,-321.25252811384513,5,1983
1983-06-01,3.1458322571654131,-322.80790925733269,6,1983
1983-07-01,-3.7199890950823019,-319.8769485785725,7,1983
1983-08-01,0.16755661649876675,-321.38768020512044,8,1983
1983-09-01,0.89529023908642375,-320.51098339319,9,1983
1983-10-01,-2.8903955768214431,-318.6368696683925,10,1983
1983-11-01,1.9955475956934569,-321.20844128255813,11,1983
1983-12-01,-1.5464278252325403,-317.35062530506919,12,1983
1984-01-01,-1.7829993197199794,-315.834852211216,1,1984
1984-02-01,-4.4553788801615744,-312.63293287092919,2,1984
1984-03-01,0.86964005758518075,-312.52350493522225,3,1984
1984-04-01,-0.32532172960708538,-311.76183411021488,4,1984
1984-05-01,-6.0862537531328925,-305.997818873355,5,1984
1984-06-01,1.469937974094955,-306.42642357036831,6,1984
1984-07-01,-2.6464518687028272,-303.31060099465656,7,1984
1984-08-01,9.9071633257714588,-313.466359156458,8,1984
1984-09-01,-0.63148457226592288,-313.371015780458,9,1984
1984-10-01,-0.81362314808389125,-310.42002938365056,10,1984
1984-11-01,-1.7276667031144006,-310.89500221821906,11,1984
1984-12-01,1.6892182441009941,-311.92298971747131,12,1984
1985-01-01,7.0725837418724988,-318.63482622159163,1,1985
1985-02-01,1.0242948160593609,-319.35876676864419,2,1985
1985-03-01,-0.6125008386310255,-318.39285654240206,3,1985
1985-04-01,-1.0644235809409586,-317.22466293954775,4,1985
1985-05-01,5.090674499653355,-321.84960424682538,5,1985
1985-06-01,1.0858512928681845,-323.32741037609806,6,1985
1985-07-01,-0.90289309372953225,-321.59619728742163,7,1985
1985-08-01,-0.99797411835191113,-320.15554143611738,8,1985
1985-09-01,-4.3959555906291719,-315.60901995839394,9,1985
1985-10-01,3.7054493438752969,-320.10392020814425,10,1985
1985-11-01,6.0128980009504988,-324.75289265310656,11,1985
1985-12-01,3.7170953647514169,-328.44393358428038,12,1985
1986-01-01,0.18140522380283791,-328.60767099096619,1,1986
1986-02-01,6.4917644170114525,-333.96870275844494,2,1986
1986-03-01,4.7945158180540606,-339.22639561038881,3,1986
1986-04-01,-1.8355139045686172,-336.46017795922169,4,1986
1986-05-01,4.5287736194304638,-337.35684190933406,5,1986
1986-06-01,0.92925345144958263,-337.54513254973975,6,1986
1986-07-01,-6.2330228526320275,-330.74773563487506,7,1986
1986-08-01,6.51421560262094,-337.7741090888895,8,1986
1986-09-01,-8.6397216782410238,-328.81189945598188,9,1986
1986-10-01,4.7002161813900188,-332.01099134532163,10,1986
1986-11-01,1.3867937232913203,-331.1829651172465,11,1986
1986-12-01,-3.1015864184422838,-327.5935405088635,12,1986
1987-01-01,11.732866256328403,-339.73146149041113,1,1987
1987-02-01,3.6887688897239913,-343.51964368446838,2,1987
1987-03-01,1.9912628711911375,-344.40272539873769,3,1987
1987-04-01,-1.9658473828921128,-340.97047913256438,4,1987
1987-05-01,0.26125661830406922,-344.39618238766806,5,1987
1987-06-01,4.144318257502695,-348.19948577930738,6,1987
1987-07-01,4.1878016332876206,-351.20560497444331,7,1987
1987-08-01,3.03552488353933,-352.99223663442356,8,1987
1987-09-01,-2.5660441108577556,-349.69014906696869,9,1987
1987-10-01,-25.209745001941909,-324.23819928270381,10,1987
1987-11-01,-8.12941057740951,-316.36091045373638,11,1987
1987-12-01,6.3051505977723513,-322.38704743044688,12,1987
1988-01-01,4.145575465159,-326.10502601421819,1,1988
1988-02-01,4.3831875290991063,-324.83408921791875,2,1988
1988-03-01,-2.7016690955702263,-322.36851600016469,3,1988
1988-04-01,0.60372826545233025,-324.32298107221363,4,1988
1988-05-01,-0.13135987618014975,-322.376066971978,5,1988
1988-06-01,4.2929965131109988,-327.15390306439919,6,1988
1988-07-01,-1.107872208767458,-325.31842539239356,7,1988
1988-08-01,-3.4855704865673625,-320.63995313988363,8,1988
1988-09-01,3.1169819477606888,-324.13409177093975,9,1988
1988-10-01,1.6044847795604272,-323.67944995672013,10,1988
1988-11-01,-2.0597914529334881,-319.08069024556494,11,1988
1988-12-01,1.3341342966403436,-318.59169958492088,12,1988
1989-01-01,5.9522614913498263,-321.62727185149731,1,1989
1989-02-01,-2.4655521409575516,-323.05728143170825,2,1989
1989-03-01,1.5061949008429931,-323.99112188148456,3,1989
1989-04-01,3.9720272045472563,-327.57899818939663,4,1989
1989-05-01,2.9812264909704031,-327.92071038431294,5,1989
1989-06-01,-0.94032913574095138,-326.63365030355413,6,1989
1989-07-01,7.1805642155225888,-334.06027615901988,7,1989
1989-08-01,1.3225950798197744,-334.47981539638675,8,1989
1989-09-01,-0.93318763760354238,-332.34928083473138,9,1989
1989-10-01,-3.55565324223296,-330.87288945796731,10,1989
1989-11-01,1.334533700801485,-333.96844488651063,11,1989
1989-12-01,1.5015588933235019,-335.82832014693588,12,1989
1990-01-01,-7.615340038848735,-329.98970751621288,1,1990
1990-02-01,0.75310788789320713,-329.38448688043806,2,1990
1990-03-01,1.6896618441440672,-331.45000189864019,3,1990
1990-04-01,-3.4705171534753956,-326.76169209116406,4,1990
1990-05-01,7.8297922590188775,-335.58665673658344,5,1990
1990-06-01,-1.1649268274626361,-334.06279268079775,6,1990
1990-07-01,-1.0790253979299658,-333.21042055628188,7,1990
1990-08-01,-9.7624398309308763,-323.79752046516831,8,1990
1990-09-01,-5.6198750434638881,-320.03848796461438,9,1990
1990-10-01,-1.5983198050135775,-318.49060170165606,10,1990
1990-11-01,5.5275050405865906,-323.47566867207406,11,1990
1990-12-01,2.1777931349470169,-325.25526745195381,12,1990
1991-01-01,3.6611405073121863,-328.91096988993638,1,1991
1991-02-01,6.5813510616830075,-335.14011974988925,2,1991
1991-03-01,1.9694429845684047,-337.65229732624788,3,1991
1991-04-01,-0.23968163673887753,-337.607497304329,4,1991
1991-05-01,3.4742248930012063,-342.04915732968256,5,1991
1991-06-01,-4.7157648731192588,-337.87270692665413,6,1991
1991-07-01,3.947089390606505,-342.97925968403238,7,1991
1991-08-01,1.915940438467845,-344.878186618998,8,1991
1991-09-01,-1.7628091035430956,-342.32899331231625,9,1991
1991-10-01,1.1330799180703061,-344.97154348150356,10,1991
1991-11-01,-4.2540248684765231,-340.55749624299144,11,1991
1991-12-01,9.6123762395715125,-350.54449503576987,12,1991
1992-01-01,-1.3253990912304141,-350.38437980194106,1,1992
1992-02-01,0.89929946459292763,-351.93830407466644,2,1992
1992-03-01,-2.3632278280672806,-348.13951021856638,3,1992
1992-04-01,1.8814587503825175,-351.56524936580619,4,1992
1992-05-01,0.28097905391748125,-352.007462041317,5,1992
1992-06-01,-1.9703786386491944,-348.77426545492244,6,1992
1992-07-01,3.6949860034647113,-352.90959364999006,7,1992
1992-08-01,-2.2159313961594297,-350.72010359340394,8,1992
1992-09-01,0.6417154520258875,-350.7441150289565,9,1992
1992-10-01,0.45509197270398369,-351.45956900888837,10,1992
1992-11-01,3.1426467547918756,-353.88306781544119,11,1992
1992-12-01,1.2362146577672023,-355.35455217845838,12,1992
1993-01-01,0.74505228555077225,-356.01533942145088,1,1993
1993-02-01,0.998401824527655,-357.30058093855763,2,1993
1993-03-01,2.1621508469962253,-358.25098086541606,3,1993
1993-04-01,-2.5480614577937981,-356.02617592478131,4,1993
1993-05-01,2.2419646236274594,-357.59662004124575,5,1993
1993-06-01,0.24560204000687813,-357.81567277424619,6,1993
1993-07-01,-0.34224792629335544,-357.60098848275513,7,1993
1993-08-01,3.4182960345759525,-360.81063472023288,8,1993
1993-09-01,-0.6518754752062395,-359.69369612800344,9,1993
1993-10-01,1.4938432182956306,-360.95678530501844,10,1993
1993-11-01,-1.7629860260021544,-358.85066864848306,11,1993
1993-12-01,1.5656122213519184,-360.61600949553713,12,1993
1994-01-01,2.8521568089119138,-362.77692034994794,1,1994
1994-02-01,-2.9154969491286313,-359.33380678688188,2,1994
1994-03-01,-4.6369705694181881,-355.34865792624463,3,1994
1994-04-01,1.1176855177547975,-355.9934445822375,4,1994
1994-05-01,0.75742434079945038,-356.3054649567425,5,1994
1994-06-01,-2.9234428517713525,-353.30828299452281,6,1994
1994-07-01,2.8914512233324925,-356.23951252202413,7,1994
1994-08-01,3.4850236073248988,-359.60985775294588,8,1994
1994-09-01,-2.534447486957995,-356.9521599693995,9,1994
1994-10-01,1.0168942642358108,-357.36643977832344,10,1994
1994-11-01,-4.2191214474993881,-353.55456034181963,11,1994
1994-12-01,1.0033197927011914,-353.25631928241225,12,1994
1995-01-01,1.8849475739388869,-354.72478175910288,1,1995
1995-02-01,3.264198777617195,-358.49499673383556,2,1995
1995-03-01,2.2105462452272731,-360.45797625671,3,1995
1995-04-01,1.9031085301324794,-362.10701868868588,4,1995
1995-05-01,2.9629749883686956,-364.87744904225444,5,1995
1995-06-01,1.6882113961409756,-366.76205469762269,6,1995
1995-07-01,2.9408335359693581,-366.741330660116,7,1995
1995-08-01,0.25582649862017681,-366.60395510098338,8,1995
1995-09-01,3.4097256151202944,-370.192418439997,9,1995
1995-10-01,-1.6776001082669831,-368.29059048182475,10,1995
1995-11-01,4.1879163971183538,-371.68235271883581,11,1995
1995-12-01,1.4603902610240772,-373.4745607380345,12,1995
1996-01-01,2.7903334186349413,-375.94566570822769,1,1996
1996-02-01,0.80038292563106175,-375.84658443133863,2,1996
1996-03-01,0.8691193196683645,-376.63829237201,3,1996
1996-04-01,0.89493222273942138,-377.21962981097875,4,1996
1996-05-01,1.8502642133674766,-378.66941331038469,5,1996
1996-06-01,-0.35132891800326375,-378.3962120355165,6,1996
1996-07-01,-5.1306728800484819,-373.80153357320019,7,1996
1996-08-01,2.2993290169598747,-376.92810748320369,8,1996
1996-09-01,4.2500828621249775,-380.35455773151656,9,1996
1996-10-01,1.4892497468402222,-380.84262616891238,10,1996
1996-11-01,6.053918310153745,-387.3537842063715,11,1996
1996-12-01,-1.8114513494217972,-384.73567691019888,12,1996
1997-01-01,4.4063977572209325,-389.69268427687331,1,1997
1997-02-01,0.69315631415824913,-390.4347294592525,2,1997
1997-03-01,-4.5423101094572275,-384.82405840775113,3,1997
1997-04-01,3.9388130851331219,-388.401109910842,4,1997
1997-05-01,5.6884950400820987,-394.80214736190106,5,1997
1997-06-01,4.2121223482142544,-398.56137959107856,6,1997
1997-07-01,6.390750270075355,-404.12489508966931,7,1997
1997-08-01,-4.8609007778467294,-399.99342945065219,8,1997
1997-09-01,5.1582277549851181,-404.57191936773775,9,1997
1997-10-01,-3.4572395230915731,-401.09101425721831,10,1997
1997-11-01,3.2122767963013894,-404.70743044992,11,1997
1997-12-01,2.0397714326948947,-405.92642035051856,12,1997
1998-01-01,-0.50693108149579956,-405.48530340624369,1,1998
1998-02-01,6.250519458960365,-411.37381683866444,2,1998
1998-03-01,4.8370937097771913,-416.47705643937456,3,1998
1998-04-01,0.51669039059267588,-416.15244661668069,4,1998
1998-05-01,-2.3098077582743613,-414.16314713627563,5,1998
1998-06-01,2.0909697528240691,-415.501711519177,6,1998
1998-07-01,-2.9677880269307519,-413.29189602366338,7,1998
1998-08-01,-16.428646440455222,-396.13888888707375,8,1998
1998-09-01,4.4793977698010375,-400.11300672137856,9,1998
1998-10-01,7.4580247415542825,-408.02292988844769,10,1998
1998-11-01,4.8520095955035213,-412.59761452713013,11,1998
1998-12-01,4.3582437265511781,-417.08776771646319,12,1998
1999-01-01,0.93308967354915313,-417.59180001558406,1,1999
1999-02-01,-2.7800280101842341,-415.24538859779131,2,1999
1999-03-01,2.4222048727952919,-416.84462357240925,3,1999
1999-04-01,4.7876944215051506,-422.61582282802056,4,1999
1999-05-01,-2.2166360971765191,-416.10679252201325,5,1999
1999-06-01,3.7434979163743313,-419.90253070751369,6,1999
1999-07-01,-3.8663842634100238,-415.97318717372438,7,1999
1999-08-01,-2.6343202156063263,-413.36720232966356,8,1999
1999-09-01,-3.4082580169108181,-409.41580527730356,9,1999
1999-10-01,5.1980115122317956,-415.04673273527806,10,1999
1999-11-01,0.58847647996300738,-415.236819649885,11,1999
1999-12-01,2.9290175199176956,-418.15295125621488,12,1999
2000-01-01,-4.7254093312605575,-413.69345770827531,1,2000
2000-02-01,-4.3542543814985263,-408.79368877963031,2,2000
2000-03-01,8.6422703786585013,-417.95530772340881,3,2000
2000-04-01,-1.2187587762735802,-415.43550552912006,4,2000
2000-05-01,-0.63079697021062838,-417.61410625273881,5,2000
2000-06-01,-0.11037108509609736,-419.14145774220769,6,2000
2000-07-01,-0.49822476524118325,-419.50574153336981,7,2000
2000-08-01,5.0956709563219738,-422.915989029961,8,2000
2000-09-01,-1.9763084274606019,-423.43086476005975,9,2000
2000-10-01,-0.39823034906540362,-422.94794853534219,10,2000
2000-11-01,-5.7548053993691788,-416.038355978456,11,2000
2000-12-01,3.6791013278565525,-421.18810915161225,12,2000
2001-01-01,0.8743875504790085,-421.17392980551769,1,2001
2001-02-01,-6.2033826953846388,-415.17319554090038,2,2001
2001-03-01,-5.5697646991895663,-411.36940747153088,3,2001
2001-04-01,6.1402479454351725,-418.00314139845656,4,2001
2001-05-01,1.02583621977903,-418.82201160078519,5,2001
2001-06-01,-3.1604425669731294,-416.78478911446163,6,2001
2001-07-01,-0.8028015491482095,-415.30811140597719,7,2001
2001-08-01,-5.058610609488485,-410.76730392048181,8,2001
2001-09-01,-7.8042264902224588,-402.21333424770181,9,2001
2001-10-01,0.36791053951664681,-402.35981749704344,10,2001
2001-11-01,5.9440952921811638,-409.82416282502575,11,2001
2001-12-01,1.8178668368051766,-410.53944203953044,12,2001
2002-01-01,-1.9755487708270881,-408.67435034359431,1,2002
2002-02-01,-0.13928449709625823,-408.22334316010994,2,2002
2002-03-01,3.6979881112170013,-412.63002658589963,3,2002
2002-04-01,-4.3521653308569056,-409.12213252362175,4,2002
2002-05-01,-0.48311831882865456,-409.46014589369563,5,2002
2002-06-01,-6.9469060948570075,-399.8709447690145,6,2002
2002-07-01,-8.3549369076380738,-392.07254922562913,7,2002
2002-08-01,1.0056227440923908,-394.59304823721644,8,2002
2002-09-01,-10.463989883616453,-383.58751972068775,9,2002
2002-10-01,5.9082293625411125,-388.60629046026013,10,2002
2002-11-01,4.7427547767496094,-393.47189748455919,11,2002
2002-12-01,-4.5372496028914569,-388.07404559536088,12,2002
