exec_date,BUY,SELL
2015-06-24,1.0,3.0
2015-06-25,2.0,5.0
2015-06-26,1.0,0.0
2015-06-27,52.0,20.0
2015-06-28,9.0,6.0
2015-06-29,9.0,0.0
2015-06-30,9.0,2.0
2015-07-01,5.0,0.0
2015-07-02,9.0,12.0
2015-07-03,19.0,45.0
2015-07-04,12.0,2.0
2015-07-05,31.0,18.0
2015-07-06,47.0,2.0
2015-07-07,7.0,85.0
2015-07-08,14.0,28.0
2015-07-09,10.0,3.0
2015-07-10,7.0,7.0
2015-07-11,8.0,8.0
2015-07-12,21.0,1.0
2015-07-13,14.0,20.0
2015-07-14,22.0,5.0
2015-07-15,26.0,6.0
2015-07-16,10.0,15.0
2015-07-17,5.0,66.0
2015-07-18,0.0,3.0
2015-07-19,4.0,17.0
2015-07-20,38.0,11.0
2015-07-21,7.0,4.0
2015-07-22,10.0,27.0
2015-07-23,11.0,11.0
2015-07-24,14.0,7.0
2015-07-25,65.0,36.0
2015-07-26,10.0,8.0
2015-07-27,7.0,95.0
2015-07-28,43.0,78.0
2015-07-29,98.0,195.0
2015-07-30,155.0,142.0
2015-07-31,207.0,210.0
2015-08-01,9.0,9.0
2015-08-02,13.0,26.0
2015-08-03,6.0,3.0
2015-08-04,8.0,9.0
2015-08-05,9.0,10.0
2015-08-06,14.0,24.0
2015-08-07,41.0,30.0
2015-08-08,24.0,36.0
2015-08-09,10.0,13.0
2015-08-10,85.0,25.0
2015-08-11,31.0,36.0
2015-08-12,27.0,22.0
2015-08-13,28.0,44.0
2015-08-14,8.0,17.0
2015-08-15,10.0,21.0
2015-08-16,6.0,39.0
2015-08-17,9.0,14.0
2015-08-18,54.0,65.0
2015-08-19,109.0,48.0
2015-08-20,35.0,15.0
2015-08-21,44.0,17.0
2015-08-22,23.0,41.0
2015-08-23,25.0,10.0
2015-08-24,42.0,61.0
2015-08-25,56.0,19.0
2015-08-26,31.0,37.0
2015-08-27,31.0,42.0
2015-08-28,24.0,64.0
2015-08-29,23.0,114.0
2015-08-30,27.0,28.0
2015-08-31,52.0,21.0
2015-09-01,5.0,32.0
2015-09-02,22.0,5.0
2015-09-03,32.0,35.0
2015-09-04,20.0,12.0
2015-09-05,30.0,25.0
2015-09-06,42.0,82.0
2015-09-07,3.0,79.0
2015-09-08,233.0,174.0
2015-09-09,91.0,67.0
2015-09-10,119.0,89.0
2015-09-11,226.0,116.0
2015-09-12,111.0,144.0
2015-09-13,124.0,165.0
2015-09-14,163.0,119.0
2015-09-15,74.0,120.0
2015-09-16,119.0,122.0
2015-09-17,101.0,105.0
2015-09-18,104.0,188.0
2015-09-19,77.0,81.0
2015-09-20,52.0,106.0
2015-09-21,98.0,154.0
2015-09-22,193.0,214.0
2015-09-23,53.0,122.0
2015-09-24,182.0,79.0
2015-09-25,355.0,89.0
2015-09-26,83.0,65.0
2015-09-27,157.0,135.0
2015-09-28,354.0,113.0
2015-09-29,378.0,109.0
2015-09-30,100.0,210.0
2015-10-01,230.0,99.0
2015-10-02,403.0,132.0
2015-10-03,107.0,69.0
2015-10-04,168.0,71.0
2015-10-05,230.0,82.0
2015-10-06,250.0,62.0
2015-10-07,225.0,68.0
2015-10-08,353.0,175.0
2015-10-09,208.0,128.0
2015-10-10,346.0,206.0
2015-10-11,425.0,345.0
2015-10-12,384.0,223.0
2015-10-13,566.0,559.0
2015-10-14,516.0,443.0
2015-10-15,1019.0,766.0
2015-10-16,1071.0,987.0
2015-10-17,1568.0,1527.0
2015-10-18,3067.0,3092.0
2015-10-19,1532.0,1508.0
2015-10-20,1036.0,1053.0
2015-10-21,671.0,459.0
2015-10-22,391.0,230.0
2015-10-23,942.0,809.0
2015-10-24,549.0,541.0
2015-10-25,2378.0,2506.0
2015-10-26,1392.0,1246.0
2015-10-27,936.0,985.0
2015-10-28,1086.0,1290.0
2015-10-29,1598.0,1632.0
2015-10-30,1477.0,1490.0
2015-10-31,493.0,510.0
2015-11-01,685.0,660.0
2015-11-02,494.0,540.0
2015-11-03,1295.0,1031.0
2015-11-04,1441.0,1299.0
2015-11-05,785.0,841.0
2015-11-06,653.0,611.0
2015-11-07,460.0,961.0
2015-11-08,518.0,485.0
2015-11-09,561.0,487.0
2015-11-10,731.0,1175.0
2015-11-11,1393.0,1641.0
2015-11-12,1209.0,1111.0
2015-11-13,788.0,930.0
2015-11-14,494.0,398.0
2015-11-15,520.0,602.0
2015-11-16,430.0,600.0
2015-11-17,946.0,888.0
2015-11-18,502.0,432.0
2015-11-19,539.0,574.0
2015-11-20,680.0,743.0
2015-11-21,532.0,471.0
2015-11-22,424.0,390.0
2015-11-23,346.0,315.0
2015-11-24,577.0,558.0
2015-11-25,760.0,711.0
2015-11-26,1512.0,1473.0
2015-11-27,817.0,876.0
2015-11-28,1064.0,1148.0
2015-11-29,455.0,438.0
2015-11-30,894.0,826.0
2015-12-01,888.0,1100.0
2015-12-02,1223.0,1161.0
2015-12-03,922.0,984.0
2015-12-04,810.0,791.0
2015-12-05,1053.0,1018.0
2015-12-06,1260.0,1102.0
2015-12-07,1139.0,1449.0
2015-12-08,886.0,1042.0
2015-12-09,1203.0,1210.0
2015-12-10,845.0,1086.0
2015-12-11,1019.0,1001.0
2015-12-12,1667.0,1936.0
2015-12-13,1206.0,1162.0
2015-12-14,800.0,921.0
2015-12-15,746.0,703.0
2015-12-16,765.0,928.0
2015-12-17,675.0,782.0
2015-12-18,956.0,815.0
2015-12-19,1285.0,1117.0
2015-12-20,1458.0,1658.0
2015-12-21,2372.0,2501.0
2015-12-22,1633.0,2191.0
2015-12-23,1520.0,1349.0
2015-12-24,1418.0,2617.0
2015-12-25,963.0,1041.0
2015-12-26,1882.0,2611.0
2015-12-27,1343.0,2155.0
2015-12-28,1761.0,2228.0
2015-12-29,1110.0,977.0
2015-12-30,1173.0,1014.0
2015-12-31,1066.0,1042.0
2016-01-01,1358.0,1327.0
2016-01-02,1117.0,1134.0
2016-01-03,1274.0,1175.0
2016-01-04,1362.0,1247.0
2016-01-05,1466.0,1296.0
2016-01-06,1362.0,1121.0
2016-01-07,1954.0,1603.0
2016-01-08,1201.0,1115.0
2016-01-09,1474.0,1280.0
2016-01-10,2818.0,2582.0
2016-01-11,2973.0,2581.0
2016-01-12,1453.0,1236.0
2016-01-13,2821.0,2833.0
2016-01-14,2112.0,2020.0
2016-01-15,3547.0,3363.0
2016-01-16,2165.0,2499.0
2016-01-17,1764.0,1684.0
2016-01-18,2808.0,2734.0
2016-01-19,4150.0,4064.0
2016-01-20,4148.0,4214.0
2016-01-21,5136.0,5402.0
2016-01-22,3455.0,3339.0
2016-01-23,2821.0,3036.0
2016-01-24,2703.0,2221.0
2016-01-25,3272.0,3264.0
2016-01-26,2965.0,2698.0
2016-01-27,2239.0,1957.0
2016-01-28,1833.0,1706.0
2016-01-29,2901.0,2295.0
2016-01-30,2622.0,2873.0
2016-01-31,2626.0,2671.0
2016-02-01,3980.0,3511.0
2016-02-02,1936.0,2586.0
2016-02-03,3421.0,4215.0
2016-02-04,1610.0,2768.0
2016-02-05,2789.0,3566.0
2016-02-06,2755.0,3019.0
2016-02-07,1057.0,1101.0
2016-02-08,1000.0,2178.0
2016-02-09,1633.0,2155.0
2016-02-10,1335.0,2591.0
2016-02-11,1325.0,1934.0
2016-02-12,1670.0,2259.0
2016-02-13,1490.0,1218.0
2016-02-14,2754.0,2712.0
2016-02-15,2624.0,2346.0
2016-02-16,3597.0,2938.0
2016-02-17,2978.0,2746.0
2016-02-18,3738.0,2831.0
2016-02-19,2396.0,2248.0
2016-02-20,2997.0,2408.0
2016-02-21,4093.0,3839.0
2016-02-22,2973.0,2481.0
2016-02-23,2410.0,2325.0
2016-02-24,1870.0,1949.0
2016-02-25,381.0,777.0
2016-02-26,1165.0,997.0
2016-02-27,1029.0,812.0
2016-02-28,1416.0,1493.0
2016-02-29,3625.0,3378.0
2016-03-01,3504.0,3252.0
2016-03-02,3171.0,3228.0
2016-03-03,3670.0,3046.0
2016-03-04,4679.0,4613.0
2016-03-05,5226.0,4851.0
2016-03-06,4411.0,3830.0
2016-03-07,3294.0,2891.0
2016-03-08,2912.0,2614.0
2016-03-09,3357.0,3978.0
2016-03-10,2579.0,2062.0
2016-03-11,1989.0,1992.0
2016-03-12,2002.0,1999.0
2016-03-13,1624.0,1622.0
2016-03-14,1934.0,1574.0
2016-03-15,2442.0,2591.0
2016-03-16,2648.0,2250.0
2016-03-17,2278.0,1941.0
2016-03-18,2530.0,2179.0
2016-03-19,1962.0,1712.0
2016-03-20,11367.0,1741.0
2016-03-21,35580.0,2278.0
2016-03-22,11893.0,1878.0
2016-03-23,9239.0,1920.0
2016-03-24,10182.0,1553.0
2016-03-25,10936.0,1884.0
2016-03-26,11299.0,1182.0
2016-03-27,5075.0,1061.0
2016-03-28,12449.0,1966.0
2016-03-29,15205.0,1804.0
2016-03-30,5937.0,3821.0
2016-03-31,2762.0,1861.0
2016-04-01,2769.0,3487.0
2016-04-02,5521.0,5803.0
2016-04-03,3468.0,4254.0
2016-04-04,3434.0,3223.0
2016-04-05,6141.0,2650.0
2016-04-06,4276.0,3003.0
2016-04-07,2630.0,2614.0
2016-04-08,6339.0,3667.0
2016-04-09,7648.0,5399.0
2016-04-10,6546.0,4835.0
2016-04-11,10020.0,4974.0
2016-04-12,7519.0,5409.0
2016-04-13,6038.0,4560.0
2016-04-14,3229.0,5462.0
2016-04-15,4635.0,3430.0
2016-04-16,4807.0,5834.0
2016-04-17,2562.0,3193.0
2016-04-18,3761.0,3671.0
2016-04-19,6536.0,4017.0
2016-04-20,4852.0,4266.0
2016-04-21,2447.0,2393.0
2016-04-22,3029.0,2677.0
2016-04-23,2593.0,2672.0
2016-04-24,2738.0,2620.0
2016-04-25,3450.0,3224.0
2016-04-26,3206.0,3122.0
2016-04-27,3292.0,3547.0
2016-04-28,3907.0,4134.0
2016-04-29,1223.0,1151.0
2016-04-30,1478.0,1524.0
2016-05-01,2862.0,2964.0
2016-05-02,3470.0,3439.0
2016-05-03,3259.0,3485.0
2016-05-04,2149.0,2257.0
2016-05-05,1928.0,1995.0
2016-05-06,1803.0,1622.0
2016-05-07,1834.0,1600.0
2016-05-08,1279.0,1230.0
2016-05-09,2058.0,1592.0
2016-05-10,2261.0,2300.0
2016-05-11,2310.0,2054.0
2016-05-12,2502.0,2246.0
2016-05-13,2504.0,2132.0
2016-05-14,2560.0,2210.0
2016-05-15,2076.0,1719.0
2016-05-16,2516.0,2246.0
2016-05-17,1843.0,1791.0
2016-05-18,2687.0,2006.0
2016-05-19,1773.0,2181.0
2016-05-20,2525.0,2802.0
2016-05-21,3026.0,2628.0
2016-05-22,1705.0,1479.0
2016-05-23,1691.0,1635.0
2016-05-24,1770.0,1483.0
2016-05-25,2353.0,2393.0
2016-05-26,2323.0,2112.0
2016-05-27,5363.0,5611.0
2016-05-28,4824.0,5587.0
2016-05-29,8367.0,9054.0
2016-05-30,6972.0,6959.0
2016-05-31,7024.0,6923.0
2016-06-01,7076.0,7883.0
2016-06-02,5554.0,5652.0
2016-06-03,4049.0,4599.0
2016-06-04,5496.0,5248.0
2016-06-05,4485.0,4566.0
2016-06-06,4706.0,4636.0
2016-06-07,4004.0,4023.0
2016-06-08,4128.0,4195.0
2016-06-09,3580.0,3942.0
2016-06-10,2834.0,2833.0
2016-06-11,2526.0,2489.0
2016-06-12,6338.0,6301.0
2016-06-13,9562.0,8562.0
2016-06-14,7087.0,6933.0
2016-06-15,5830.0,5666.0
2016-06-16,7895.0,7847.0
2016-06-17,7310.0,12002.0
2016-06-18,3727.0,8499.0
2016-06-19,3639.0,5399.0
2016-06-20,3331.0,4264.0
2016-06-21,6710.0,6685.0
2016-06-22,5850.0,6124.0
2016-06-23,7883.0,8642.0
2016-06-24,8228.0,9594.0
2016-06-25,4465.0,6495.0
2016-06-26,3662.0,4357.0
2016-06-27,3950.0,4024.0
2016-06-28,3329.0,3660.0
2016-06-29,4089.0,6124.0
2016-06-30,4002.0,7112.0
2016-07-01,4170.0,7804.0
2016-07-02,5082.0,7634.0
2016-07-03,6431.0,10621.0
2016-07-04,5471.0,9014.0
2016-07-05,5701.0,7680.0
2016-07-06,4267.0,6033.0
2016-07-07,7811.0,7817.0
2016-07-08,6407.0,6516.0
2016-07-09,8097.0,8639.0
2016-07-10,7907.0,7073.0
2016-07-11,8217.0,8012.0
2016-07-12,6465.0,6662.0
2016-07-13,7711.0,7583.0
2016-07-14,5481.0,5126.0
2016-07-15,5248.0,4315.0
2016-07-16,3804.0,3819.0
2016-07-17,5381.0,4610.0
2016-07-18,4357.0,4476.0
2016-07-19,4382.0,4537.0
2016-07-20,6477.0,6814.0
2016-07-21,7453.0,7940.0
2016-07-22,5677.0,6075.0
2016-07-23,6582.0,6522.0
2016-07-24,5004.0,5370.0
2016-07-25,3586.0,4277.0
2016-07-26,3004.0,3790.0
2016-07-27,4881.0,5406.0
2016-07-28,3295.0,4066.0
2016-07-29,4547.0,4734.0
2016-07-30,3112.0,2914.0
2016-07-31,5639.0,5811.0
2016-08-01,6338.0,6871.0
2016-08-02,9322.0,9486.0
2016-08-03,10962.0,11292.0
2016-08-04,7368.0,9179.0
2016-08-05,3980.0,4391.0
2016-08-06,4370.0,4905.0
2016-08-07,4639.0,6468.0
2016-08-08,4275.0,6330.0
2016-08-09,4876.0,7020.0
2016-08-10,3882.0,6233.0
2016-08-11,2195.0,2636.0
2016-08-12,3123.0,4876.0
2016-08-13,2869.0,4584.0
2016-08-14,4780.0,5575.0
2016-08-15,6918.0,7772.0
2016-08-16,6413.0,7397.0
2016-08-17,5703.0,6751.0
2016-08-18,4649.0,6370.0
2016-08-19,4397.0,4584.0
2016-08-20,3064.0,3185.0
2016-08-21,2822.0,3773.0
2016-08-22,3883.0,5355.0
2016-08-23,5584.0,6083.0
2016-08-24,4494.0,4901.0
2016-08-25,7142.0,7584.0
2016-08-26,6412.0,7367.0
2016-08-27,7624.0,7419.0
2016-08-28,5279.0,6392.0
2016-08-29,3677.0,4672.0
2016-08-30,5341.0,4855.0
2016-08-31,3370.0,4346.0
2016-09-01,3853.0,3659.0
2016-09-02,3738.0,4947.0
2016-09-03,3127.0,4457.0
2016-09-04,4771.0,6071.0
2016-09-05,4881.0,6294.0
2016-09-06,4240.0,6025.0
2016-09-07,3243.0,5775.0
2016-09-08,9433.0,6048.0
2016-09-09,5144.0,5394.0
2016-09-10,7747.0,5924.0
2016-09-11,6707.0,5717.0
2016-09-12,5304.0,6479.0
2016-09-13,4043.0,4741.0
2016-09-14,4197.0,4893.0
2016-09-15,3632.0,4356.0
2016-09-16,3661.0,4532.0
2016-09-17,1823.0,2827.0
2016-09-18,3605.0,4227.0
2016-09-19,4205.0,4309.0
2016-09-20,3618.0,4276.0
2016-09-21,6001.0,6350.0
2016-09-22,3885.0,5250.0
2016-09-23,4149.0,4430.0
2016-09-24,3933.0,3527.0
2016-09-25,4304.0,3998.0
2016-09-26,5245.0,5343.0
2016-09-27,5061.0,4805.0
2016-09-28,4953.0,5112.0
2016-09-29,4912.0,4748.0
2016-09-30,3449.0,4322.0
2016-10-01,4566.0,4401.0
2016-10-02,4218.0,3638.0
2016-10-03,3178.0,3738.0
2016-10-04,3761.0,4367.0
2016-10-05,4128.0,3993.0
2016-10-06,5020.0,4629.0
2016-10-07,5814.0,5829.0
2016-10-08,4344.0,4876.0
2016-10-09,4592.0,4316.0
2016-10-10,5480.0,5385.0
2016-10-11,6012.0,7289.0
2016-10-12,5269.0,6735.0
2016-10-13,4844.0,6616.0
2016-10-14,6192.0,7159.0
2016-10-15,5782.0,6254.0
2016-10-16,7073.0,7514.0
2016-10-17,6456.0,7180.0
2016-10-18,6423.0,6708.0
2016-10-19,4468.0,7153.0
2016-10-20,4198.0,5535.0
2016-10-21,3474.0,4250.0
2016-10-22,3838.0,5563.0
2016-10-23,5399.0,6999.0
2016-10-24,7066.0,9800.0
2016-10-25,4709.0,6460.0
2016-10-26,8047.0,9867.0
2016-10-27,7609.0,9043.0
2016-10-28,4855.0,7777.0
2016-10-29,6017.0,9761.0
2016-10-30,9891.0,14018.0
2016-10-31,8370.0,11338.0
2016-11-01,10450.0,12712.0
2016-11-02,8446.0,9343.0
2016-11-03,10713.0,11624.0
2016-11-04,9653.0,10197.0
2016-11-05,7774.0,10017.0
2016-11-06,6660.0,8692.0
2016-11-07,8039.0,10715.0
2016-11-08,6679.0,10397.0
2016-11-09,11524.0,13583.0
2016-11-10,8550.0,11093.0
2016-11-11,8271.0,10499.0
2016-11-12,5951.0,6768.0
2016-11-13,7741.0,10555.0
2016-11-14,9788.0,11212.0
2016-11-15,8168.0,8924.0
2016-11-16,9953.0,9581.0
2016-11-17,11953.0,12084.0
2016-11-18,8905.0,8140.0
2016-11-19,6172.0,6153.0
2016-11-20,5816.0,6671.0
2016-11-21,9513.0,10368.0
2016-11-22,8485.0,10614.0
2016-11-23,8849.0,9413.0
2016-11-24,7301.0,10589.0
2016-11-25,4102.0,8961.0
2016-11-26,3217.0,6700.0
2016-11-27,4941.0,8977.0
2016-11-28,4940.0,10262.0
2016-11-29,2854.0,10099.0
2016-11-30,3074.0,9813.0
2016-12-01,3888.0,9040.0
2016-12-02,6999.0,9570.0
2016-12-03,6398.0,9101.0
2016-12-04,8185.0,8976.0
2016-12-05,10417.0,10619.0
2016-12-06,12321.0,8352.0
2016-12-07,12750.0,11569.0
2016-12-08,13069.0,10973.0
2016-12-09,9532.0,8506.0
2016-12-10,8712.0,7190.0
2016-12-11,6654.0,7676.0
2016-12-12,9746.0,10806.0
2016-12-13,6465.0,8361.0
2016-12-14,9160.0,8949.0
2016-12-15,5586.0,6155.0
2016-12-16,5144.0,6193.0
2016-12-17,6611.0,9056.0
2016-12-18,4717.0,5606.0
2016-12-19,5405.0,6361.0
2016-12-20,6950.0,9921.0
2016-12-21,7964.0,9515.0
2016-12-22,13403.0,15431.0
2016-12-23,9864.0,9455.0
2016-12-24,6159.0,7349.0
2016-12-25,7578.0,7577.0
2016-12-26,10379.0,10219.0
2016-12-27,8511.0,13475.0
2016-12-28,8395.0,13468.0
2016-12-29,11270.0,16330.0
2016-12-30,12435.0,16941.0
2016-12-31,10307.0,9685.0
2017-01-01,9157.0,7698.0
2017-01-02,11627.0,10016.0
2017-01-03,12732.0,12155.0
2017-01-04,16028.0,17388.0
2017-01-05,17945.0,18890.0
2017-01-06,17373.0,19570.0
2017-01-07,15869.0,18227.0
2017-01-08,15676.0,16774.0
2017-01-09,16208.0,17346.0
2017-01-10,14854.0,17466.0
2017-01-11,15773.0,18396.0
2017-01-12,21312.0,24208.0
2017-01-13,16327.0,16906.0
2017-01-14,15631.0,15860.0
2017-01-15,16301.0,11542.0
2017-01-16,10022.0,9394.0
2017-01-17,15579.0,15317.0
2017-01-18,14703.0,15171.0
2017-01-19,10634.0,11034.0
2017-01-20,8331.0,9195.0
2017-01-21,11177.0,10277.0
2017-01-22,11715.0,12275.0
2017-01-23,12834.0,14412.0
2017-01-24,11918.0,13850.0
2017-01-25,9679.0,12195.0
2017-01-26,7436.0,8700.0
2017-01-27,9436.0,9820.0
2017-01-28,5507.0,5543.0
2017-01-29,5619.0,5833.0
2017-01-30,5309.0,6154.0
2017-01-31,9893.0,10437.0
2017-02-01,16466.0,18748.0
2017-02-02,17087.0,16419.0
2017-02-03,21955.0,21430.0
2017-02-04,13712.0,13328.0
2017-02-05,10892.0,10663.0
2017-02-06,10776.0,12072.0
2017-02-07,14224.0,13083.0
2017-02-08,17099.0,19409.0
2017-02-09,19747.0,20804.0
2017-02-10,25703.0,25994.0
2017-02-11,16840.0,17965.0
2017-02-12,9464.0,11416.0
2017-02-13,12313.0,13821.0
2017-02-14,13606.0,13331.0
2017-02-15,11204.0,12015.0
2017-02-16,10143.0,10023.0
2017-02-17,14054.0,13428.0
2017-02-18,9277.0,10162.0
2017-02-19,7599.0,7737.0
2017-02-20,10323.0,8542.0
2017-02-21,14482.0,15422.0
2017-02-22,16514.0,15561.0
2017-02-23,14306.0,13132.0
2017-02-24,23578.0,23438.0
2017-02-25,16709.0,15456.0
2017-02-26,16499.0,14568.0
2017-02-27,16401.0,13231.0
2017-02-28,12982.0,11276.0
2017-03-01,9848.0,10343.0
2017-03-02,9186.0,9634.0
2017-03-03,11948.0,9925.0
2017-03-04,5502.0,5849.0
2017-03-05,6056.0,5071.0
2017-03-06,3398.0,3101.0
2017-03-07,5438.0,5463.0
2017-03-08,14920.0,14413.0
2017-03-09,12715.0,10966.0
2017-03-10,8988.0,7421.0
2017-03-11,10407.0,8772.0
2017-03-12,4435.0,3555.0
2017-03-13,6296.0,5472.0
2017-03-14,4714.0,4574.0
2017-03-15,2820.0,2616.0
2017-03-16,6458.0,6589.0
2017-03-17,15458.0,14691.0
2017-03-18,11582.0,11202.0
2017-03-19,13229.0,12131.0
2017-03-20,9041.0,9401.0
2017-03-21,4908.0,7263.0
2017-03-22,8277.0,10470.0
2017-03-23,8044.0,10767.0
2017-03-24,9546.0,10608.0
2017-03-25,14231.0,14307.0
2017-03-26,10844.0,9819.0
2017-03-27,9934.0,10021.0
2017-03-28,5893.0,7938.0
2017-03-29,8823.0,8882.0
2017-03-30,5295.0,5344.0
2017-03-31,4296.0,3857.0
2017-04-01,4097.0,4174.0
2017-04-02,3888.0,3579.0
2017-04-03,4897.0,6808.0
2017-04-04,4319.0,8085.0
2017-04-05,3066.0,7955.0
2017-04-06,5971.0,5206.0
2017-04-07,6289.0,5117.0
2017-04-08,2320.0,4271.0
2017-04-09,2349.0,3091.0
2017-04-10,3965.0,3262.0
2017-04-11,3066.0,5014.0
2017-04-12,4054.0,4739.0
2017-04-13,4946.0,8052.0
2017-04-14,6071.0,6165.0
2017-04-15,4496.0,3898.0
2017-04-16,2481.0,4888.0
2017-04-17,3269.0,3706.0
2017-04-18,4194.0,5194.0
2017-04-19,3867.0,4495.0
2017-04-20,3788.0,3832.0
2017-04-21,4825.0,5000.0
2017-04-22,3938.0,4494.0
2017-04-23,4192.0,3933.0
2017-04-24,3884.0,4224.0
2017-04-25,3138.0,3122.0
2017-04-26,4119.0,4361.0
2017-04-27,5761.0,4253.0
2017-04-28,5997.0,6714.0
2017-04-29,5276.0,4095.0
2017-04-30,1880.0,1800.0
2017-05-01,8289.0,6997.0
2017-05-02,9899.0,10783.0
2017-05-03,5201.0,6020.0
2017-05-04,7336.0,6248.0
2017-05-05,8592.0,9746.0
2017-05-06,4698.0,4406.0
2017-05-07,3009.0,4017.0
2017-05-08,9546.0,8893.0
2017-05-09,10837.0,11502.0
2017-05-10,9314.0,9590.0
2017-05-11,8069.0,8685.0
2017-05-12,9450.0,7495.0
2017-05-13,12822.0,11005.0
2017-05-14,7441.0,6513.0
2017-05-15,8208.0,8643.0
2017-05-16,8134.0,8781.0
2017-05-17,9665.0,8153.0
2017-05-18,9393.0,9706.0
2017-05-19,10397.0,11506.0
2017-05-20,9999.0,9118.0
2017-05-21,13603.0,11079.0
2017-05-22,13788.0,11340.0
2017-05-23,10155.0,10137.0
2017-05-24,10506.0,10042.0
2017-05-25,12352.0,10368.0
2017-05-26,13768.0,12055.0
2017-05-27,17896.0,16863.0
2017-05-28,12945.0,13211.0
2017-05-29,9394.0,11291.0
2017-05-30,8592.0,10332.0
2017-05-31,9378.0,11009.0
2017-06-01,8649.0,9657.0
2017-06-02,10718.0,10672.0
2017-06-03,8387.0,9050.0
2017-06-04,9850.0,8062.0
2017-06-05,9704.0,7394.0
2017-06-06,15884.0,16633.0
2017-06-07,14132.0,13472.0
2017-06-08,15812.0,14643.0
2017-06-09,11461.0,10256.0
2017-06-10,8026.0,7789.0
2017-06-11,8826.0,8250.0
2017-06-12,14538.0,14888.0
2017-06-13,16376.0,17218.0
2017-06-14,11162.0,11407.0
2017-06-15,22913.0,22854.0
2017-06-16,15305.0,15661.0
2017-06-17,11475.0,10667.0
2017-06-18,12455.0,12070.0
2017-06-19,11053.0,10587.0
2017-06-20,6970.0,6042.0
2017-06-21,9623.0,8033.0
2017-06-22,8125.0,6539.0
2017-06-23,5948.0,5461.0
2017-06-24,4189.0,4083.0
2017-06-25,11825.0,10163.0
2017-06-26,8508.0,9192.0
2017-06-27,16261.0,16096.0
2017-06-28,10569.0,9047.0
2017-06-29,9006.0,8424.0
2017-06-30,6468.0,6064.0
2017-07-01,4273.0,7141.0
2017-07-02,8226.0,7912.0
2017-07-03,7870.0,6832.0
2017-07-04,10156.0,7670.0
2017-07-05,7532.0,6282.0
2017-07-06,6276.0,5346.0
2017-07-07,5721.0,5892.0
2017-07-08,5014.0,5927.0
2017-07-09,4560.0,5579.0
2017-07-10,7053.0,7532.0
2017-07-11,12328.0,12658.0
2017-07-12,8811.0,10247.0
2017-07-13,7634.0,8709.0
2017-07-14,8640.0,9530.0
2017-07-15,14440.0,13149.0
2017-07-16,15813.0,13745.0
2017-07-17,14183.0,11861.0
2017-07-18,13437.0,14617.0
2017-07-19,14895.0,15568.0
2017-07-20,15459.0,14613.0
2017-07-21,20237.0,15940.0
2017-07-22,12098.0,10717.0
2017-07-23,10878.0,9439.0
2017-07-24,8128.0,7713.0
2017-07-25,12131.0,11090.0
2017-07-26,14157.0,15918.0
2017-07-27,9876.0,10257.0
2017-07-28,11486.0,12183.0
2017-07-29,6420.0,6586.0
2017-07-30,5188.0,6429.0
2017-07-31,6720.0,6443.0
2017-08-01,15446.0,12920.0
2017-08-02,6790.0,4444.0
2017-08-03,5557.0,4781.0
2017-08-04,6338.0,5921.0
2017-08-05,15409.0,13599.0
2017-08-06,16587.0,15349.0
2017-08-07,12468.0,11203.0
2017-08-08,15881.0,13045.0
2017-08-09,14127.0,10987.0
2017-08-10,8451.0,7697.0
2017-08-11,6746.0,6904.0
2017-08-12,12209.0,11517.0
2017-08-13,21529.0,19189.0
2017-08-14,16299.0,13195.0
2017-08-15,18492.0,18845.0
2017-08-16,15200.0,14191.0
2017-08-17,14252.0,14286.0
2017-08-18,12826.0,11594.0
2017-08-19,15665.0,16847.0
2017-08-20,9292.0,10614.0
2017-08-21,10081.0,11635.0
2017-08-22,16157.0,17440.0
2017-08-23,14620.0,14836.0
2017-08-24,11766.0,11670.0
2017-08-25,11929.0,10520.0
2017-08-26,8688.0,9451.0
2017-08-27,5745.0,4770.0
2017-08-28,8332.0,8790.0
2017-08-29,9062.0,6684.0
2017-08-30,12570.0,13102.0
2017-08-31,12036.0,10432.0
2017-09-01,13231.0,10434.0
2017-09-02,20365.0,17137.0
2017-09-03,20197.0,14801.0
2017-09-04,16882.0,14190.0
2017-09-05,26555.0,22135.0
2017-09-06,17516.0,13224.0
2017-09-07,12197.0,8439.0
2017-09-08,8716.0,7262.0
2017-09-09,19620.0,16081.0
2017-09-10,13775.0,11650.0
2017-09-11,12832.0,9116.0
2017-09-12,11044.0,8564.0
2017-09-13,19631.0,15144.0
2017-09-14,15053.0,13073.0
2017-09-15,26622.0,22040.0
2017-09-16,21535.0,21048.0
2017-09-17,12104.0,10910.0
2017-09-18,17183.0,11026.0
2017-09-19,17490.0,11209.0
2017-09-20,13836.0,7481.0
2017-09-21,10624.0,8866.0
2017-09-22,14310.0,11539.0
2017-09-23,10647.0,8214.0
2017-09-24,9297.0,6250.0
2017-09-25,9478.0,4257.0
2017-09-26,10035.0,5150.0
2017-09-27,11705.0,6661.0
2017-09-28,13579.0,9299.0
2017-09-29,11315.0,8788.0
2017-09-30,10931.0,9746.0
2017-10-01,11512.0,11967.0
2017-10-02,14049.0,12189.0
2017-10-03,12539.0,13105.0
2017-10-04,10917.0,12448.0
2017-10-05,11713.0,11189.0
2017-10-06,10464.0,10101.0
2017-10-07,7284.0,8531.0
2017-10-08,11929.0,9392.0
2017-10-09,10465.0,8271.0
2017-10-10,21561.0,12245.0
2017-10-11,15442.0,10582.0
2017-10-12,24813.0,14517.0
2017-10-13,29392.0,23579.0
2017-10-14,22898.0,14501.0
2017-10-15,19121.0,17639.0
2017-10-16,16565.0,13336.0
2017-10-17,13974.0,12837.0
2017-10-18,21628.0,17930.0
2017-10-19,22258.0,20523.0
2017-10-20,16822.0,15473.0
2017-10-21,21458.0,20000.0
2017-10-22,19814.0,19944.0
2017-10-23,20768.0,25375.0
2017-10-24,27916.0,27521.0
2017-10-25,26831.0,24948.0
2017-10-26,24726.0,18726.0
2017-10-27,22796.0,19351.0
2017-10-28,17125.0,14274.0
2017-10-29,12454.0,9818.0
2017-10-30,22365.0,15130.0
2017-10-31,21389.0,17454.0
2017-11-01,23583.0,19655.0
2017-11-02,38293.0,32519.0
2017-11-03,31884.0,26222.0
2017-11-04,23627.0,22188.0
2017-11-05,27240.0,19346.0
2017-11-06,25645.0,25610.0
2017-11-07,24839.0,23176.0
2017-11-08,23108.0,18419.0
2017-11-09,32040.0,28312.0
2017-11-10,29372.0,25989.0
2017-11-11,38072.0,40756.0
2017-11-12,48654.0,46405.0
2017-11-13,31896.0,33945.0
2017-11-14,22851.0,23830.0
2017-11-15,27069.0,20957.0
2017-11-16,29535.0,18398.0
2017-11-17,38752.0,28257.0
2017-11-18,30432.0,24566.0
2017-11-19,16292.0,12732.0
2017-11-20,18430.0,15363.0
2017-11-21,21792.0,21434.0
2017-11-22,14413.0,16605.0
2017-11-23,11223.0,12599.0
2017-11-24,16627.0,16411.0
2017-11-25,15257.0,13052.0
2017-11-26,22104.0,17915.0
2017-11-27,24813.0,22043.0
2017-11-28,20343.0,23703.0
2017-11-29,38952.0,32303.0
2017-11-30,51328.0,55259.0
2017-12-01,37313.0,33678.0
2017-12-02,32828.0,27923.0
2017-12-03,25775.0,18788.0
2017-12-04,35379.0,27059.0
2017-12-05,21598.0,24434.0
2017-12-06,29983.0,28284.0
2017-12-07,67245.0,47319.0
2017-12-08,82366.0,67838.0
2017-12-09,28954.0,28218.0
2017-12-10,63438.0,58252.0
2017-12-11,57556.0,52615.0
2017-12-12,37773.0,32454.0
2017-12-13,39435.0,29636.0
2017-12-14,28925.0,23540.0
2017-12-15,32602.0,24795.0
2017-12-16,28978.0,22072.0
2017-12-17,42286.0,34945.0
2017-12-18,44940.0,37121.0
2017-12-19,41016.0,33781.0
2017-12-20,48937.0,41947.0
2017-12-21,42200.0,35583.0
2017-12-22,70007.0,55553.0
2017-12-23,69119.0,58538.0
2017-12-24,45277.0,37182.0
2017-12-25,30505.0,25209.0
2017-12-26,38111.0,32186.0
2017-12-27,44154.0,38001.0
2017-12-28,47992.0,40248.0
2017-12-29,35786.0,31713.0
2017-12-30,26759.0,25587.0
2017-12-31,41490.0,31312.0
2018-01-01,30506.0,24841.0
2018-01-02,17238.0,17302.0
2018-01-03,23981.0,21955.0
2018-01-04,22403.0,25644.0
2018-01-05,28171.0,25265.0
2018-01-06,22985.0,18795.0
2018-01-07,13592.0,12197.0
2018-01-08,27015.0,26526.0
2018-01-09,25404.0,28465.0
2018-01-10,27151.0,26576.0
2018-01-11,33918.0,37359.0
2018-01-12,23748.0,33439.0
